<?xml version="1.0" ?>
<LOG_ROOT>
	<PROJECT NAME="ADC_250_2FIFO">
		<CBX_INST_ENTRY INSTANCE_NAME="|ADC_250_2FIFO|HS_AD9481:HS_AD9481_m|FIFO:fifo_16to8|dcfifo_mixed_widths:dcfifo_mixed_widths_component" CBX_FILE_NAME="dcfifo_jej1.tdf"/>
		<CBX_INST_ENTRY INSTANCE_NAME="|ADC_250_2FIFO|sld_signaltap:auto_signaltap_0|sld_signaltap_impl:sld_signaltap_body|sld_signaltap_implb:sld_signaltap_body|altdpram:\stp_non_zero_ram_gen:attribute_mem_gen:attribute_mem|lpm_mux:mux" CBX_FILE_NAME="mux_vsc.tdf"/>
		<CBX_INST_ENTRY INSTANCE_NAME="|ADC_250_2FIFO|sld_signaltap:auto_signaltap_0|sld_signaltap_impl:sld_signaltap_body|sld_signaltap_implb:sld_signaltap_body|sld_offload_buffer_mgr:\stp_non_zero_depth_offload_gen:stp_offload_buff_mgr_inst|LPM_COUNTER:\adv_point_3_and_more:advance_pointer_counter" CBX_FILE_NAME="cntr_kgi.tdf"/>
		<CBX_INST_ENTRY INSTANCE_NAME="|ADC_250_2FIFO|FIFO2:FIFO2_m|dcfifo_mixed_widths:dcfifo_mixed_widths_component" CBX_FILE_NAME="dcfifo_c9k1.tdf"/>
		<CBX_INST_ENTRY INSTANCE_NAME="|ADC_250_2FIFO|pll:pll_m|altpll:altpll_component" CBX_FILE_NAME="pll_altpll.v"/>
		<CBX_INST_ENTRY INSTANCE_NAME="|ADC_250_2FIFO|sld_signaltap:auto_signaltap_0|sld_signaltap_impl:sld_signaltap_body|sld_signaltap_implb:sld_signaltap_body|altdpram:\stp_non_zero_ram_gen:attribute_mem_gen:attribute_mem|lpm_decode:wdecoder" CBX_FILE_NAME="decode_dvf.tdf"/>
		<CBX_INST_ENTRY INSTANCE_NAME="|ADC_250_2FIFO|sld_signaltap:auto_signaltap_0|sld_signaltap_impl:sld_signaltap_body|sld_signaltap_implb:sld_signaltap_body|altsyncram:\stp_non_zero_ram_gen:stp_buffer_ram" CBX_FILE_NAME="altsyncram_e124.tdf"/>
		<CBX_INST_ENTRY INSTANCE_NAME="|ADC_250_2FIFO|sld_signaltap:auto_signaltap_0|sld_signaltap_impl:sld_signaltap_body|sld_signaltap_implb:sld_signaltap_body|sld_offload_buffer_mgr:\stp_non_zero_depth_offload_gen:stp_offload_buff_mgr_inst|LPM_COUNTER:status_advance_pointer_counter" CBX_FILE_NAME="cntr_igi.tdf"/>
		<CBX_INST_ENTRY INSTANCE_NAME="|ADC_250_2FIFO|sld_signaltap:auto_signaltap_0|sld_signaltap_impl:sld_signaltap_body|sld_signaltap_implb:sld_signaltap_body|sld_offload_buffer_mgr:\stp_non_zero_depth_offload_gen:stp_offload_buff_mgr_inst|LPM_COUNTER:status_read_pointer_counter" CBX_FILE_NAME="cntr_23j.tdf"/>
		<CBX_INST_ENTRY INSTANCE_NAME="|ADC_250_2FIFO|sld_signaltap:auto_signaltap_0|sld_signaltap_impl:sld_signaltap_body|sld_signaltap_implb:sld_signaltap_body|sld_offload_buffer_mgr:\stp_non_zero_depth_offload_gen:stp_offload_buff_mgr_inst|LPM_COUNTER:read_pointer_counter" CBX_FILE_NAME="cntr_o9j.tdf"/>
	</PROJECT>
</LOG_ROOT>
